datetime,open,high,low,close,volume,kline_status,raw_fractal,candidate_display,valid_fractal
2024-01-02,38.27,38.27,36.8,36.8,5651269.0,INITIAL,,,
2024-01-03,36.64,37.19,36.1,37.16,4245590.0,TREND_DOWN,BOTTOM,,
2024-01-05,37.0,38.8,36.48,36.48,4076916.0,TREND_UP_(M),TOP,Bc,
2024-01-09,36.29,36.29,34.44,34.65,8401620.0,TREND_DOWN_(M),,Tc,
2024-01-10,34.79,35.07,33.92,34.23,4587931.0,TREND_DOWN,BOTTOM,,
2024-01-12,34.11,35.8,34.11,34.5,5683719.0,TREND_UP_(M),TOP,Bc,
2024-01-15,34.5,35.43,33.9,33.95,5736645.0,TREND_DOWN,,Tc,
2024-01-16,33.91,34.89,33.66,34.3,5818915.0,TREND_DOWN,,,
2024-01-17,34.27,34.5,32.24,32.24,9879376.0,TREND_DOWN,,,
2024-01-18,32.04,32.58,31.48,32.47,8344989.999999999,TREND_DOWN,BOTTOM,,
2024-01-19,32.51,33.2,31.51,31.52,7049230.0,TREND_UP,TOP,Bc,
2024-01-22,31.68,32.08,28.68,29.13,13199048.0,TREND_DOWN,,Tc,
2024-01-23,29.01,30.25,28.51,29.87,9248017.0,TREND_DOWN,,,
2024-01-24,29.93,30.03,28.43,29.6,8286932.000000001,TREND_DOWN,BOTTOM,,
2024-01-25,29.68,30.31,29.24,29.99,12392507.0,TREND_UP,TOP,Bc,
2024-01-26,29.73,29.92,27.58,27.88,19099285.0,TREND_DOWN,,Tc,
2024-01-29,28.05,28.48,26.5,26.6,14534799.0,TREND_DOWN,,,
2024-01-30,26.44,26.89,25.1,25.19,15559372.0,TREND_DOWN,,,
2024-01-31,25.4,26.0,23.96,24.0,16234690.0,TREND_DOWN,,,
2024-02-01,24.16,24.5,23.31,23.85,12812354.0,TREND_DOWN,,,
2024-02-02,23.87,24.06,21.52,22.59,15033398.0,TREND_DOWN,,,
2024-02-05,22.4,22.5,19.88,20.79,19678732.0,TREND_DOWN,BOTTOM,,
2024-02-06,20.64,23.0,20.4,22.85,17672317.0,TREND_UP,,Bc,
2024-02-07,22.88,24.5,22.68,24.35,19561865.0,TREND_UP,,,
2024-02-23,24.65,27.42,24.65,26.8,19886767.0,TREND_UP_(M),,,
2024-02-28,27.1,29.74,27.06,27.06,20404934.0,TREND_UP_(M),TOP,,
2024-02-29,26.9,29.47,26.8,28.99,21815642.0,TREND_DOWN,BOTTOM,Tc,
2024-03-01,29.06,30.04,28.8,29.47,17972355.0,TREND_UP,,Bc,
2024-03-04,29.24,30.15,28.91,29.89,16512810.0,TREND_UP,TOP,,
2024-03-05,29.35,29.76,28.31,28.64,17178788.0,TREND_DOWN,,Tc,
2024-03-06,28.3,28.74,27.58,28.21,10171664.0,TREND_DOWN,BOTTOM,,
2024-03-18,28.6,31.27,28.6,30.8,10372887.0,TREND_UP_(M),,Bc,
2024-03-19,30.75,33.17,30.56,31.94,25354855.0,TREND_UP,,,
2024-03-20,32.11,34.18,32.06,33.59,22946576.0,TREND_UP,,,
2024-03-21,34.0,34.28,32.92,33.4,16400296.0,TREND_UP,,,
2024-03-25,33.27,35.83,33.1,33.1,22560107.0,TREND_UP_(M),TOP,,
2024-03-26,32.8,33.6,31.53,32.23,18604757.0,TREND_DOWN,,Tc,
2024-03-27,31.86,32.25,30.58,30.6,11627103.0,TREND_DOWN,,,
2024-03-28,30.5,31.76,30.5,31.45,13910956.0,TREND_DOWN,BOTTOM,,
2024-03-29,31.15,33.86,30.98,33.6,27940339.0,TREND_UP,,Bc,
2024-04-01,33.77,33.87,32.7,33.16,16443997.0,TREND_UP,TOP,,
2024-04-02,32.94,33.1,31.82,32.08,13886045.0,TREND_DOWN,,Tc,
2024-04-08,31.86,31.86,30.77,30.9,12005548.0,TREND_DOWN_(M),BOTTOM,,
2024-04-09,31.05,32.8,31.05,32.35,15605316.0,TREND_UP,TOP,Bc,
2024-04-10,31.61,31.97,28.71,29.3,23480894.0,TREND_DOWN,,Tc,
2024-04-11,28.99,29.82,28.12,28.2,17599674.0,TREND_DOWN,,,
2024-04-15,28.2,28.8,27.59,27.93,13493583.0,TREND_DOWN_(M),,,
2024-04-18,27.5,27.5,26.07,27.14,14322618.0,TREND_DOWN_(M),,,
2024-04-19,26.91,26.91,25.62,25.68,13111924.0,TREND_DOWN,,,
2024-04-22,25.35,26.17,24.92,25.87,9511512.0,TREND_DOWN,BOTTOM,,
2024-04-23,26.18,26.67,25.83,26.48,9627007.0,TREND_UP,,Bc,
2024-04-24,26.72,28.4,26.66,28.17,14819623.0,TREND_UP,,,
2024-04-25,27.96,29.44,27.79,28.8,12719478.0,TREND_UP,,,
2024-04-26,28.7,29.65,28.68,29.29,12115228.0,TREND_UP,,,
2024-04-29,29.29,30.2,29.2,30.02,12488532.0,TREND_UP,TOP,,
2024-04-30,30.08,30.18,29.18,29.35,8418975.0,TREND_DOWN,,Tc,
2024-05-06,29.85,29.98,29.02,29.07,9153127.0,TREND_DOWN,,,
2024-05-07,29.07,29.88,28.8,29.26,7483250.999999999,TREND_DOWN,,,
2024-05-08,29.19,29.44,28.5,29.0,8587153.0,TREND_DOWN,BOTTOM,,
2024-05-09,28.98,30.6,28.82,30.28,15507074.0,TREND_UP,TOP,Bc,
2024-05-10,30.28,30.56,28.1,28.17,19172716.0,TREND_DOWN,,Tc,
2024-05-15,27.76,28.08,26.86,27.29,13972975.0,TREND_DOWN_(M),BOTTOM,,
2024-05-16,27.55,28.89,27.0,28.35,17951087.0,TREND_UP,,Bc,
2024-05-23,28.7,31.44,28.7,29.25,36868468.0,TREND_UP_(M),TOP,,
2024-05-27,28.89,29.44,27.51,29.44,11273867.0,TREND_DOWN_(M),BOTTOM,Tc,
2024-05-28,29.2,30.51,28.63,29.26,18493227.0,TREND_UP,TOP,Bc,
2024-06-03,28.99,29.48,28.14,28.56,11277528.0,TREND_DOWN_(M),,Tc,
2024-06-04,28.41,29.3,27.78,28.95,15199567.0,TREND_DOWN,BOTTOM,,
2024-06-07,29.18,31.45,29.18,30.28,30852079.0,TREND_UP_(M),,Bc,
2024-06-12,30.15,32.23,30.15,32.06,35253253.0,TREND_UP_(M),,,
2024-06-13,32.5,32.81,31.46,31.52,26919919.0,TREND_UP,TOP,,
2024-06-14,31.3,31.45,30.5,31.22,21045944.0,TREND_DOWN,BOTTOM,Tc,
2024-06-17,30.79,32.35,30.75,32.02,20429596.0,TREND_UP,,Bc,
2024-06-18,31.9,32.68,31.25,31.64,19418963.0,TREND_UP,TOP,,
2024-06-19,31.84,32.15,30.83,31.75,19055057.0,TREND_DOWN,BOTTOM,Tc,
2024-06-20,31.48,32.32,30.89,30.92,17839990.0,TREND_UP,TOP,Bc,
2024-06-21,30.59,31.28,30.12,30.93,11713876.0,TREND_DOWN,,Tc,
2024-06-24,30.69,31.26,29.26,29.45,16623071.0,TREND_DOWN,,,
2024-06-25,29.53,29.56,28.0,28.27,16411013.0,TREND_DOWN,,,
2024-06-26,28.38,29.05,27.8,28.66,14819530.0,TREND_DOWN,,,
2024-06-27,28.3,28.51,27.55,27.61,13527420.0,TREND_DOWN,,,
2024-06-28,27.56,27.96,27.05,27.17,14352550.0,TREND_DOWN,,,
2024-07-01,27.05,27.78,26.9,27.53,9807411.0,TREND_DOWN,BOTTOM,,
2024-07-03,27.47,28.97,27.47,28.4,16743627.0,TREND_UP_(M),,Bc,
2024-07-04,28.31,29.02,28.2,28.39,13145306.0,TREND_UP,TOP,,
2024-07-05,28.25,28.8,27.87,28.3,10303910.0,TREND_DOWN,BOTTOM,Tc,
2024-07-08,28.55,29.15,28.03,28.42,12932499.0,TREND_UP,,Bc,
2024-07-09,28.29,30.55,28.21,30.43,25897801.0,TREND_UP,,,
2024-07-10,30.49,31.52,30.22,31.16,19332969.0,TREND_UP,,,
2024-07-11,31.49,32.26,30.8,32.2,23057662.0,TREND_UP,,,
2024-07-12,31.66,32.5,31.51,32.15,23096200.0,TREND_UP,,,
2024-07-15,32.33,32.56,31.79,32.01,15645029.0,TREND_UP,,,
2024-07-16,33.45,34.25,32.01,34.08,54145675.0,TREND_UP,,,
2024-07-18,33.99,35.36,33.79,35.11,38169871.0,TREND_UP_(M),,,
2024-07-19,34.7,35.88,34.58,34.9,33080796.0,TREND_UP,TOP,,
2024-07-22,35.18,35.68,34.56,34.75,23320649.0,TREND_DOWN,,Tc,
2024-07-23,34.6,34.67,32.68,32.84,29760291.0,TREND_DOWN,,,
2024-07-24,32.84,33.2,31.78,32.0,19738213.0,TREND_DOWN,,,
2024-07-25,31.8,32.17,31.45,31.62,16408176.0,TREND_DOWN,,,
2024-07-26,31.68,32.08,30.9,31.82,18806779.0,TREND_DOWN,BOTTOM,,
2024-07-29,31.83,32.37,31.44,31.5,17510332.0,TREND_UP,TOP,Bc,
2024-07-30,31.21,31.94,30.99,31.62,14157630.0,TREND_DOWN,BOTTOM,Tc,
2024-07-31,31.4,33.3,31.1,33.25,25527630.0,TREND_UP,,Bc,
2024-08-01,33.1,34.26,32.87,33.5,27477076.0,TREND_UP,TOP,,
2024-08-02,33.13,33.4,31.66,31.8,19915100.0,TREND_DOWN,,Tc,
2024-08-05,31.26,31.88,30.51,30.51,18712783.0,TREND_DOWN,,,
2024-08-06,31.27,31.75,30.48,31.44,13299290.0,TREND_DOWN,BOTTOM,,
2024-08-08,31.2,32.19,31.09,31.64,10125538.0,TREND_UP_(M),,Bc,
2024-08-09,32.15,32.53,31.65,31.75,15265734.0,TREND_UP,TOP,,
2024-08-12,31.8,31.9,30.69,30.93,11658389.0,TREND_DOWN,,Tc,
2024-08-15,30.93,31.33,30.2,30.6,8237725.999999999,TREND_DOWN_(M),BOTTOM,,
2024-08-16,30.82,31.79,30.45,30.77,12493732.0,TREND_UP,TOP,Bc,
2024-08-19,30.79,31.32,30.23,30.63,9847800.0,TREND_DOWN,,Tc,
2024-08-20,30.63,30.75,29.6,29.78,13089243.0,TREND_DOWN,,,
2024-08-21,29.6,30.28,29.45,29.81,8982790.0,TREND_DOWN,,,
2024-08-22,29.64,30.19,29.0,29.29,13047481.0,TREND_DOWN,,,
2024-08-26,29.02,29.39,28.56,28.75,11377760.0,TREND_DOWN_(M),,,
2024-08-27,28.6,29.14,28.28,28.75,8959645.0,TREND_DOWN,BOTTOM,,
2024-08-28,28.75,29.61,28.49,29.37,10887302.0,TREND_UP,,Bc,
2024-08-29,29.06,30.3,28.97,29.52,14810236.0,TREND_UP,,,
2024-08-30,29.38,30.94,29.29,30.55,17794899.0,TREND_UP,TOP,,
2024-09-03,30.31,30.31,28.93,29.49,14648260.0,TREND_DOWN_(M),,Tc,
2024-09-05,29.08,30.06,28.86,29.54,11367678.0,TREND_DOWN_(M),,,
2024-09-06,29.53,29.79,28.7,28.78,7798000.0,TREND_DOWN,,,
2024-09-09,28.65,29.0,28.32,28.87,7409913.0,TREND_DOWN,BOTTOM,,
2024-09-12,28.88,29.55,28.62,28.62,9431456.0,TREND_UP_(M),TOP,Bc,
2024-09-13,28.55,28.91,27.92,27.98,8127598.0,TREND_DOWN,,Tc,
2024-09-19,28.25,28.47,27.57,28.47,6412670.0,TREND_DOWN_(M),BOTTOM,,
2024-09-24,28.39,28.84,27.68,28.84,7813800.999999999,TREND_UP_(M),,Bc,
2024-09-26,29.38,30.04,28.41,30.04,18452038.0,TREND_UP_(M),,,
2024-09-27,30.51,32.88,30.2,32.3,30507251.0,TREND_UP,,,
2024-09-30,33.61,37.95,33.3,37.91,38998233.0,TREND_UP,,,
2024-10-09,45.49,48.68,42.59,43.0,53520147.0,TREND_UP_(M),TOP,,
2024-10-10,43.79,44.0,39.16,40.4,43656531.0,TREND_DOWN,,Tc,
2024-10-14,39.51,40.24,37.32,40.23,29899915.0,TREND_DOWN_(M),BOTTOM,,
2024-10-15,40.0,42.89,39.4,40.3,38003221.0,TREND_UP,TOP,Bc,
2024-10-16,39.0,41.24,38.83,41.24,28247587.0,TREND_DOWN,BOTTOM,Tc,
2024-10-18,42.03,45.15,40.02,43.35,29342637.0,TREND_UP_(M),,Bc,
2024-10-21,43.99,46.61,42.79,43.01,60908724.0,TREND_UP,TOP,,
2024-10-23,42.45,44.36,42.45,44.22,48425452.0,TREND_DOWN_(M),BOTTOM,Tc,
2024-10-24,46.0,48.68,44.41,44.6,89555167.0,TREND_UP,TOP,Bc,
2024-10-28,43.8,44.98,42.61,44.05,63361066.0,TREND_DOWN_(M),,Tc,
2024-10-29,44.0,44.69,42.14,42.17,42068493.0,TREND_DOWN,,,
2024-10-30,41.91,43.26,41.51,42.56,29570041.0,TREND_DOWN,BOTTOM,,
2024-10-31,42.57,44.72,41.77,43.96,43469370.0,TREND_UP,TOP,Bc,
2024-11-01,43.9,43.9,40.65,40.8,36360327.0,TREND_DOWN,,Tc,
2024-11-04,40.53,42.63,40.5,42.0,23584007.0,TREND_DOWN,BOTTOM,,
2024-11-05,41.98,43.57,41.72,43.17,34664499.0,TREND_UP,,Bc,
2024-11-06,43.2,44.6,42.55,44.01,42215968.0,TREND_UP,,,
2024-11-07,43.61,46.99,43.39,46.79,57347802.0,TREND_UP,,,
2024-11-08,48.65,56.1,46.9,52.44,83802619.0,TREND_UP,,,
2024-11-11,54.0,59.5,52.0,52.76,93904351.0,TREND_UP,TOP,,
2024-11-12,52.46,54.38,50.8,51.71,59912015.0,TREND_DOWN,,Tc,
2024-11-13,51.0,53.0,50.68,52.45,43697212.0,TREND_DOWN,,,
2024-11-14,51.9,51.9,49.48,49.6,38752139.0,TREND_DOWN,,,
2024-11-15,49.4,50.09,47.12,47.17,33508999.0,TREND_DOWN,,,
2024-11-18,46.81,48.7,45.38,47.83,35533875.0,TREND_DOWN,BOTTOM,,
2024-11-20,47.85,49.28,47.61,48.46,36152361.0,TREND_UP_(M),,Bc,
2024-11-21,48.18,50.0,47.91,49.05,32436112.0,TREND_UP,TOP,,
2024-11-22,48.56,49.8,45.4,45.92,31908877.0,TREND_DOWN,,Tc,
2024-11-26,46.0,46.0,44.0,44.45,26158350.0,TREND_DOWN_(M),,,
2024-11-27,43.68,45.45,42.83,45.43,23035184.0,TREND_DOWN,BOTTOM,,
2024-12-03,45.4,46.86,45.31,45.43,21149818.0,TREND_UP_(M),,Bc,
2024-12-04,46.42,47.26,45.41,45.7,24890270.0,TREND_UP,TOP,,
2024-12-06,44.87,46.16,44.68,46.16,15611940.0,TREND_DOWN_(M),BOTTOM,Tc,
2024-12-09,46.3,47.0,45.58,46.41,19317200.0,TREND_UP,,Bc,
2024-12-10,48.45,48.79,46.46,46.51,25980301.0,TREND_UP,TOP,,
2024-12-11,46.12,47.2,46.09,46.53,18029500.0,TREND_DOWN,BOTTOM,Tc,
2024-12-13,46.56,48.0,46.5,46.8,26468251.0,TREND_UP_(M),TOP,Bc,
2024-12-16,46.59,46.79,44.9,45.05,19386255.0,TREND_DOWN,,Tc,
2024-12-18,44.92,45.33,44.16,45.25,12780835.0,TREND_DOWN_(M),BOTTOM,,
2024-12-19,44.7,46.15,44.51,45.79,14026886.0,TREND_UP,,Bc,
2024-12-20,45.66,48.08,45.5,47.36,27069602.0,TREND_UP,,,
2024-12-24,47.36,48.99,47.08,48.99,29077015.0,TREND_UP_(M),,,
2024-12-25,48.51,49.31,47.67,48.19,24374319.0,TREND_UP,,,
2024-12-26,48.26,49.57,47.85,49.11,26658016.0,TREND_UP,TOP,,
2024-12-27,49.16,49.2,47.17,47.17,30634531.0,TREND_DOWN,,Tc,
2024-12-30,46.9,47.7,45.9,46.96,16847586.0,TREND_DOWN,,,
2024-12-31,46.97,47.2,44.01,44.13,22967185.0,TREND_DOWN,,,
2025-01-02,42.48,42.5,39.0,39.65,41316552.0,TREND_DOWN,,,
2025-01-03,39.51,39.55,38.06,38.18,20425908.0,TREND_DOWN,,,
2025-01-07,38.08,39.38,37.76,39.2,16575422.0,TREND_DOWN_(M),BOTTOM,,
2025-01-08,38.99,40.18,37.91,39.5,20488454.0,TREND_UP,,Bc,
2025-01-09,39.3,40.2,39.1,39.73,15183195.0,TREND_UP,,,
2025-01-10,39.65,41.09,39.44,39.44,20606401.0,TREND_UP,TOP,,
2025-01-13,39.01,40.49,38.82,40.25,17728187.0,TREND_DOWN,BOTTOM,Tc,
2025-01-14,40.33,43.18,39.82,43.1,29263370.0,TREND_UP,,Bc,
2025-01-15,42.8,43.56,42.43,43.4,21942860.0,TREND_UP,,,
2025-01-16,43.26,45.27,43.25,44.11,25787847.0,TREND_UP,,,
2025-01-20,43.7,45.99,43.7,44.88,26247659.0,TREND_UP_(M),,,
2025-01-21,45.11,46.2,44.47,45.89,23115384.0,TREND_UP,,,
2025-01-23,45.68,47.08,44.99,44.99,26242719.0,TREND_UP_(M),TOP,,
2025-02-06,44.78,46.83,44.05,46.83,17870534.0,TREND_DOWN_(M),BOTTOM,Tc,
2025-02-07,46.83,47.9,46.08,46.82,35078627.0,TREND_UP,TOP,Bc,
2025-02-10,47.0,47.1,45.93,46.24,26390047.0,TREND_DOWN,,Tc,
2025-02-11,46.18,46.18,44.76,45.3,21407342.0,TREND_DOWN,BOTTOM,,
2025-02-13,45.39,47.8,45.39,46.06,34189829.0,TREND_UP_(M),TOP,Bc,
2025-02-14,45.8,46.06,44.61,44.91,26150921.0,TREND_DOWN,BOTTOM,Tc,
2025-02-17,44.99,46.77,44.96,46.09,23360966.0,TREND_UP,TOP,Bc,
2025-02-18,46.0,46.4,44.1,44.25,22728029.0,TREND_DOWN,BOTTOM,Tc,
2025-02-20,44.25,46.65,44.25,46.09,36036654.0,TREND_UP_(M),,Bc,
2025-02-21,46.06,47.52,46.05,47.12,35429441.0,TREND_UP,,,
2025-02-27,46.85,49.1,46.68,47.47,29667304.0,TREND_UP_(M),TOP,,
2025-02-28,47.01,47.5,43.87,44.09,28561499.0,TREND_DOWN,,Tc,
2025-03-04,44.13,46.42,43.0,46.42,18535923.0,TREND_DOWN_(M),BOTTOM,,
2025-03-05,46.36,46.85,45.23,45.85,16670806.0,TREND_UP,,Bc,
2025-03-06,46.2,47.59,46.2,46.85,25955620.0,TREND_UP,TOP,,
2025-03-07,46.5,47.29,45.81,46.29,20908048.0,TREND_DOWN,,Tc,
2025-03-10,46.17,46.78,45.46,45.99,14301383.0,TREND_DOWN,,,
2025-03-11,45.25,45.98,45.03,45.58,12541480.0,TREND_DOWN,,,
2025-03-12,45.7,45.84,44.9,44.9,17686073.0,TREND_DOWN,,,
2025-03-13,45.0,45.06,43.2,43.93,18170610.0,TREND_DOWN,BOTTOM,,
2025-03-20,43.89,47.36,43.89,44.54,45785844.0,TREND_UP_(M),TOP,Bc,
2025-03-21,44.38,44.7,43.35,43.5,18359385.0,TREND_DOWN,,Tc,
2025-03-27,43.3,43.3,41.8,42.19,16841806.0,TREND_DOWN_(M),,,
2025-03-28,42.41,43.1,41.5,41.52,11168500.0,TREND_DOWN,,,
2025-03-31,41.3,41.99,40.9,41.68,10259482.0,TREND_DOWN,BOTTOM,,
2025-04-03,41.81,42.93,41.81,42.37,13252269.0,TREND_UP_(M),TOP,Bc,
2025-04-08,40.5,40.5,35.69,37.73,26926751.0,TREND_DOWN_(M),,Tc,
2025-04-09,37.0,39.88,35.51,39.62,25902225.0,TREND_DOWN,BOTTOM,,
2025-04-17,40.29,42.69,40.29,40.46,20118703.0,TREND_UP_(M),TOP,Bc,
2025-04-18,40.45,40.5,39.7,40.15,7341133.0,TREND_DOWN,BOTTOM,Tc,
2025-04-21,40.15,40.69,39.93,40.68,7220967.999999999,TREND_UP,,Bc,
2025-04-22,40.59,41.49,40.42,40.99,11956590.0,TREND_UP,,,
2025-04-24,41.22,41.96,40.92,41.07,12606202.0,TREND_UP_(M),,,
2025-04-25,41.17,42.5,41.0,42.26,15390450.0,TREND_UP,,,
2025-04-28,42.2,43.73,41.92,43.47,20611156.0,TREND_UP,TOP,,
2025-04-30,42.68,42.68,41.75,41.88,20056652.0,TREND_DOWN_(M),BOTTOM,Tc,
2025-05-06,42.25,42.92,42.24,42.92,15996934.0,TREND_UP,,Bc,
2025-05-08,43.48,43.8,42.6,42.86,15878412.0,TREND_UP_(M),TOP,,
2025-05-09,42.9,42.9,41.89,42.2,10209379.0,TREND_DOWN,BOTTOM,Tc,
2025-05-12,42.5,42.99,42.18,42.76,12380218.0,TREND_UP,,Bc,
2025-05-14,43.09,44.04,42.69,43.21,16305750.0,TREND_UP_(M),TOP,,
2025-05-16,43.1,43.1,41.45,41.75,14200645.0,TREND_DOWN_(M),,Tc,
2025-05-20,41.66,41.88,41.08,41.57,6949400.0,TREND_DOWN_(M),BOTTOM,,
2025-05-21,41.76,43.25,41.64,42.42,17310457.0,TREND_UP,,Bc,
2025-05-26,42.42,44.85,42.42,42.99,33737949.0,TREND_UP_(M),TOP,,
2025-05-27,42.8,42.99,41.93,42.22,10191293.0,TREND_DOWN,,Tc,
2025-05-28,42.15,42.37,41.1,41.11,11477483.0,TREND_DOWN,,,
2025-06-03,41.1,41.85,40.7,41.71,10204647.0,TREND_DOWN_(M),BOTTOM,,
2025-06-09,41.65,42.66,41.65,42.42,7334624.000000001,TREND_UP_(M),TOP,Bc,
2025-06-12,42.42,42.42,41.0,41.07,11367100.0,TREND_DOWN_(M),,Tc,
2025-06-13,40.98,41.38,40.27,41.03,9451160.0,TREND_DOWN,BOTTOM,,
2025-06-16,40.91,41.47,40.71,41.08,5510785.0,TREND_UP,,Bc,
2025-06-23,41.08,42.95,40.83,42.46,6681786.0,TREND_UP_(M),,,
2025-06-25,42.47,44.16,42.42,43.97,14950730.0,TREND_UP_(M),,,
2025-06-26,46.16,46.65,44.64,44.79,42256606.0,TREND_UP,TOP,,
2025-06-27,45.0,45.38,44.4,44.41,21298104.0,TREND_DOWN,BOTTOM,Tc,
2025-07-01,44.86,45.45,44.68,45.01,16077261.0,TREND_UP_(M),TOP,Bc,
2025-07-03,44.81,44.81,43.75,44.55,13834670.0,TREND_DOWN_(M),BOTTOM,Tc,
2025-07-07,44.55,45.63,44.55,44.87,18091126.0,TREND_UP_(M),TOP,Bc,
2025-07-08,44.88,45.46,44.45,45.0,17547800.0,TREND_DOWN,,Tc,
2025-07-09,44.9,44.96,43.82,44.0,18814174.0,TREND_DOWN,,,
2025-07-11,43.89,44.37,43.12,44.37,11891837.0,TREND_DOWN_(M),BOTTOM,,
2025-07-16,44.17,44.86,43.94,44.42,8654125.0,TREND_UP_(M),,Bc,
2025-07-17,44.31,44.97,44.02,44.89,13785971.0,TREND_UP,,,
2025-07-21,44.66,45.0,44.2,44.38,14773942.0,TREND_UP_(M),TOP,,
2025-07-22,43.83,44.36,42.71,43.92,24759097.0,TREND_DOWN,BOTTOM,Tc,
2025-07-23,43.96,45.3,43.94,45.02,33686996.0,TREND_UP,,Bc,
2025-07-24,45.16,45.68,44.75,45.13,23371160.0,TREND_UP,TOP,,
2025-07-25,45.13,45.4,44.61,45.31,17508761.0,TREND_DOWN,BOTTOM,Tc,
2025-07-28,45.58,45.69,44.89,45.09,15223720.0,TREND_UP,TOP,Bc,
2025-07-29,44.83,45.23,44.69,45.05,13459781.0,TREND_DOWN,,Tc,
2025-07-30,44.9,45.15,44.03,44.34,15381000.0,TREND_DOWN,,,
2025-07-31,44.26,44.76,43.25,43.44,16492737.0,TREND_DOWN,,,
2025-08-01,43.5,44.28,43.12,43.68,13421970.0,TREND_DOWN,BOTTOM,,
2025-08-05,43.55,44.44,43.55,44.04,11331107.0,TREND_UP_(M),,Bc,
2025-08-06,44.0,44.65,43.72,44.46,11492640.0,TREND_UP,,,
2025-08-07,44.55,45.21,44.26,44.68,20056362.0,TREND_UP,TOP,,
2025-08-12,44.66,44.7,43.66,44.7,13210475.0,TREND_DOWN_(M),BOTTOM,Tc,
2025-08-13,44.67,45.46,44.48,45.33,25310641.0,TREND_UP,,Bc,
2025-08-14,45.51,46.18,44.65,44.84,26203279.0,TREND_UP,TOP,,
2025-08-15,44.64,45.82,44.62,45.64,22265460.0,TREND_DOWN,BOTTOM,Tc,
2025-08-22,45.98,51.9,45.98,51.15,58091392.00000001,TREND_UP_(M),,Bc,
2025-08-25,52.0,54.39,50.63,51.31,53755778.0,TREND_UP,TOP,,
2025-08-26,50.74,52.01,50.21,50.94,33419675.0,TREND_DOWN,BOTTOM,Tc,
2025-08-27,51.13,61.13,50.73,59.59,126532140.0,TREND_UP,,Bc,
2025-09-01,60.01,62.5,58.43,62.5,95350434.0,TREND_UP_(M),,,
2025-09-03,63.43,63.51,58.55,59.36,54932429.0,TREND_UP_(M),TOP,,
2025-09-10,59.75,59.75,53.36,56.45,56655606.00000001,TREND_DOWN_(M),BOTTOM,Tc,
2025-09-11,56.03,59.85,55.61,59.1,38791765.0,TREND_UP,,Bc,
2025-09-12,60.81,62.76,59.55,61.19,47316330.0,TREND_UP,TOP,,
2025-09-16,62.21,62.21,58.74,59.72,33759079.0,TREND_DOWN_(M),BOTTOM,Tc,
2025-09-17,60.01,65.1,59.8,64.75,48981176.0,TREND_UP,,Bc,
2025-09-22,66.75,68.88,64.0,66.89,56638185.0,TREND_UP_(M),,,
2025-09-23,80.27,80.27,77.88,80.27,53037424.0,TREND_UP,,,
2025-09-24,87.02,96.32,86.22,96.32,123924507.0,TREND_UP,,,
2025-09-25,97.73,99.5,92.4,94.59,111816886.0,TREND_UP,TOP,,
2025-09-26,94.13,96.66,90.11,95.6,110585252.0,TREND_DOWN,BOTTOM,Tc,
2025-09-29,95.0,106.99,94.55,104.12,111226172.0,TREND_UP,,Bc,
2025-09-30,104.0,107.66,98.01,99.62,94031734.0,TREND_UP,TOP,,
2025-10-09,101.2,102.59,95.0,95.54,81266638.0,TREND_DOWN,,Tc,
2025-10-10,94.51,98.76,93.51,94.75,64597575.0,TREND_DOWN,,,
2025-10-13,92.01,95.51,90.96,92.26,58747418.99999999,TREND_DOWN,,,
2025-10-14,93.5,93.96,83.6,83.93,78044126.0,TREND_DOWN,,,
2025-10-15,84.03,85.37,83.12,84.78,49718190.0,TREND_DOWN,BOTTOM,,
2025-10-16,84.0,87.45,83.44,85.0,47788048.0,TREND_UP,TOP,Bc,
2025-10-17,85.0,85.51,82.44,82.83,36398859.0,TREND_DOWN,,Tc,
2025-10-21,84.6,85.01,81.02,84.87,37218822.0,TREND_DOWN_(M),BOTTOM,,
2025-10-22,83.4,87.27,82.51,85.3,47620667.0,TREND_UP,TOP,Bc,
2025-10-23,83.73,84.25,81.52,83.43,30077860.0,TREND_DOWN,BOTTOM,Tc,
2025-10-24,84.8,88.8,84.03,88.62,64777200.0,TREND_UP,,Bc,
2025-10-27,90.48,92.89,89.11,90.81,69962662.0,TREND_UP,TOP,,
2025-10-29,89.14,92.52,86.85,92.52,51144905.0,TREND_DOWN_(M),BOTTOM,Tc,
2025-10-30,92.3,93.78,88.0,88.0,53579507.99999999,TREND_UP,TOP,Bc,
2025-10-31,89.76,89.78,83.32,83.6,43033830.0,TREND_DOWN,,Tc,
2025-11-04,82.65,83.0,78.88,81.31,46042360.0,TREND_DOWN_(M),,,
2025-11-05,79.0,80.98,78.72,79.88,25262457.0,TREND_DOWN,BOTTOM,,
2025-11-06,81.01,84.17,79.91,83.26,39946357.0,TREND_UP,,Bc,
2025-11-07,82.02,84.46,81.6,82.94,25214677.0,TREND_UP,TOP,,
2025-11-11,82.62,84.1,79.59,79.76,26218830.0,TREND_DOWN_(M),,Tc,
2025-11-12,78.87,80.76,77.82,79.6,21520390.0,TREND_DOWN,BOTTOM,,
2025-11-14,79.62,81.18,78.61,78.61,19355133.0,TREND_UP_(M),TOP,Bc,
2025-11-17,79.0,79.66,76.35,77.0,22117642.0,TREND_DOWN,BOTTOM,Tc,
2025-11-20,76.6,80.88,76.6,77.35,34084467.0,TREND_UP_(M),TOP,Bc,
2025-11-21,75.61,76.97,73.6,73.6,21027265.0,TREND_DOWN,,Tc,
2025-11-24,74.0,75.35,72.93,73.62,20063677.0,TREND_DOWN,BOTTOM,,
2025-11-25,74.78,77.34,74.6,75.73,21831203.0,TREND_UP,,Bc,
2025-11-26,75.09,78.16,74.88,77.0,23395372.0,TREND_UP,,,
2025-12-01,77.6,79.41,75.79,79.41,20034431.0,TREND_UP_(M),,,
2025-12-02,79.02,80.12,78.11,78.68,18362910.0,TREND_UP,,,
2025-12-03,78.82,85.35,78.82,81.81,53875749.0,TREND_UP,,,
2025-12-08,82.5,88.81,82.5,87.82,63285012.0,TREND_UP_(M),,,
2025-12-09,86.6,88.98,85.01,87.12,34362004.0,TREND_UP,,,
2025-12-10,86.1,90.5,86.1,90.0,43295555.0,TREND_UP,,,
2025-12-12,90.6,95.0,88.53,93.5,32810529.0,TREND_UP_(M),TOP,,
2025-12-15,93.03,93.4,87.3,88.8,38262464.0,TREND_DOWN,,Tc,
2025-12-16,89.5,89.9,86.0,87.56,31136108.0,TREND_DOWN,BOTTOM,,
2025-12-17,87.38,90.39,86.18,89.98,27205350.0,TREND_UP,,Bc,
2025-12-18,88.97,90.41,87.85,88.49,18863509.0,TREND_UP,TOP,,
2025-12-19,89.0,89.99,86.8,87.25,19942207.0,TREND_DOWN,BOTTOM,Tc,
2025-12-22,87.64,95.23,87.63,94.57,40665591.0,TREND_UP,,Bc,
2025-12-23,94.37,98.2,94.29,97.09,35103119.0,TREND_UP,,,
2025-12-24,97.09,99.89,94.91,98.79,32607759.0,TREND_UP,,,
2025-12-29,99.9,109.66,99.9,106.01,54594803.0,TREND_UP_(M),,,
